-- Your installation or use of this SugarCRM file is subject to the applicable
-- terms available at
-- http://support.sugarcrm.com/Resources/Master_Subscription_Agreements/.
-- If you do not agree to all of the applicable terms or do not have the
-- authority to bind the entity as an authorized representative, then do not
-- install or use this SugarCRM file.
--
-- Copyright (C) SugarCRM Inc. All rights reserved.

-- a password of user1 is user1pass, user2's password is user2pass, etc.
DELETE FROM `tenant_providers`;
DELETE FROM `user_providers`;
DELETE FROM `consents`;
DELETE FROM `users`;
DELETE FROM `tenants`;

INSERT INTO `tenants` (`id`, `create_time`, `modify_time`, `display_name`, `region`, `status`, `providers`, `logo`)
VALUES
  ('2000000001','2018-02-07 14:33:42','2018-02-07 14:33:42','OIDC-flow Local, LDAP and SAML Test Tenant','eu',0,'[\"local\", \"ldap\", \"saml\"]', 'data:image/png;base64,iVBORw0KGgoAAAANSUhEUgAAAMsAAABoCAQAAAD1esz4AAAACXZwQWcAAADLAAAAaADD2bLRAAAFKklEQVR42u3bz4vcZBzH8fljsrZiFSQHwYvk3kOUPXgKUlAKkoqHFsGg2INdRteTl1BRPJR4UFpRxsMKIhjEc0DRSouDeNBLUEQE4e0hv54kT2bj9hk7LR8+l5knM7M731eeX8nugoWye1EJxKKIRSyKWMSiiEURi1gUsYhFEYtYFLEoYhGLIhaxKGIRiyIWRSxiUcQiFkUsJ8kPXOUS53iGF0n5FrHsAMk5vEGe5GvEchfzGWdGKB4eexwglruULzhlRalyiFjuQn7G34Di8QDf8yuX2WefC3zEH4hli7nJh3wKi2c3onh4vMznxjOfDxDLVnLEWTw83uKrY1E8znJ70HIFsTjOPyRteT/m6Rksj/HbqO1txOI0V4ziZuzNYNnj1qjtFN8hFmfJexDPz0DxeJgbltbzYnGX/UHB57A8zlOW1tP8jlic5NYshvEgZm8/EoubZCdimcp7YnGTA6csh2Jxk1ecsrwjFjd50ynLl2Jxk08copzhL7G4SclpZywXtW9xlwuOUB7ktljc5aeZW8jj8q6uibmeX/buGOV1XUF2n+s8dAckj3BN91u2kx85by35E7zBNTIyrvIq4ehm8qNc5hfdndzuzeL3eYmY54i5xCE3uDkq+J8cccALXOQ1rvINf99j9/Xvi78Tu/+iEohFEYtYFLGIRRGLIhaxKGIRiyIWsZwwa1IjK9YMj2W9q7jV67pHKaVxfFW35ZifPH5/yppV/RPNO//jT1xTTF5FLupPKLEfzUjJet+oSd7+ljvKko/ugURtIfL6ufn66jXdI6/HFtRtKeYnd4VZt2056/qfirqjSzw8kgFjZC3eioCQlJQEn2RAUxARsKyPRj2aFJ+YlJQYf3DS7DBLV+p5LCFdqTwry3JQ+IqFRYqHR0xTyoqpnMGS4RvneklCaLwvq38DE6I51RLC3mkSDk6DnWKJ2tLExhk+j6XrDckES8CwN3l1UUPjcYSH1xvUplgKvNHQFre8a/zRpzSEKcGAvSRw2GO2xNIVN57J4re9oWyfmyy+UeyV0ZIb/TGgJLP8rCmW2HKGr9vTI9lw/vuDmbLqW8G9wFLSlH4OyxIPv14CNM9NloiwHahiPEIig6UZ1pb4g3lmE4tnnayj+qwf9xXzu9raPWeT/xZZmuGkYA5L0faGqvzpiKVqKSnrI32W0vh3cNtgMmYpJoqbEjN9dNPyIXI2jP0PLPksloaj4RmzNBwNT5+lWyiEzCtlPskS0T+aGUv/aolxT7MEdQHnsaT1q6rBbMxSDV4BQT2YDVmaib8belJjYTAu5RrPulNZktA/2rFU03o2QR9aZpydY8nb1dN6sI7qtzQsZW8hbGPpFs4rK8uwZTPL1OwRbphbqv5QWEFLy7pu51gKYy3V9Juui8fGhq/rN82iuphgYeHXazAbwrhlTV6ntLIklra8XYktLUej9vuklkXFzq7Egrqzx4NxPm13/tVQYO45OpaV8R47y9LYVh7Pctw0XTJc6JaEbcFLy969OZobG8vuNMx3laWf2OjqycQVAJOl6g3pBpai7U0uWKpidtfO8sFevcAnbhfbBZGxs896pBm+s3lliywByag8OUndT0KWxs7CZFm2o7adhUXY9sD/ytI/KfJ2L19d7YoIGE/ZJSk+IREBweDiZ05cv9Mndny5UhfR656QT1w/buao9eTWMt/C3zeLRLfBFLGIRRGLWBSxKGIRiyIWsShiEYsiFkUsYlHEIhZFLGJRxKKIRSyKWMSiiEVhweJf2dROPUsirO4AAAAASUVORK5CYII='),
  ('2000000002','2018-02-07 14:33:42','2018-02-07 14:33:42','Ldap Test Tenant 1','eu',0,'[\"local\", \"ldap\"]', NULL),
  ('2000000003','2018-02-07 14:33:42','2018-02-07 14:33:42','Ldap Test Tenant 2','eu',0,'[\"local\", \"ldap\"]', NULL),
  ('2000000004','2018-02-07 14:33:42','2018-02-07 14:33:42','SAML Test Tenant 1','eu',0,'[\"local\", \"saml\"]', NULL),
  ('2000000005','2018-02-07 14:33:42','2018-02-07 14:33:42','SAML Test Tenant 2','eu',0,'[\"saml\"]', NULL),
  ('2000000006','2018-02-07 14:33:42','2018-02-07 14:33:42','Local Test Tenant 2','eu',0,'[\"local\"]', NULL),
  ('2000000007','2018-02-07 14:33:42','2018-02-07 14:33:42','Inactive Local Test Tenant','eu',1,'[\"local\"]', NULL),
  ('2000000008','2018-02-07 14:33:42','2018-02-07 14:33:42','Local, LDAP Test Tenant for Login Service','eu',0,'[\"local\", \"ldap\"]', 'data:image/png;base64,iVBORw0KGgoAAAANSUhEUgAAAMsAAABoCAQAAAD1esz4AAAACXZwQWcAAADLAAAAaADD2bLRAAAFKklEQVR42u3bz4vcZBzH8fljsrZiFSQHwYvk3kOUPXgKUlAKkoqHFsGg2INdRteTl1BRPJR4UFpRxsMKIhjEc0DRSouDeNBLUEQE4e0hv54kT2bj9hk7LR8+l5knM7M731eeX8nugoWye1EJxKKIRSyKWMSiiEURi1gUsYhFEYtYFLEoYhGLIhaxKGIRiyIWRSxiUcQiFkUsJ8kPXOUS53iGF0n5FrHsAMk5vEGe5GvEchfzGWdGKB4eexwglruULzhlRalyiFjuQn7G34Di8QDf8yuX2WefC3zEH4hli7nJh3wKi2c3onh4vMznxjOfDxDLVnLEWTw83uKrY1E8znJ70HIFsTjOPyRteT/m6Rksj/HbqO1txOI0V4ziZuzNYNnj1qjtFN8hFmfJexDPz0DxeJgbltbzYnGX/UHB57A8zlOW1tP8jlic5NYshvEgZm8/EoubZCdimcp7YnGTA6csh2Jxk1ecsrwjFjd50ynLl2Jxk08copzhL7G4SclpZywXtW9xlwuOUB7ktljc5aeZW8jj8q6uibmeX/buGOV1XUF2n+s8dAckj3BN91u2kx85by35E7zBNTIyrvIq4ehm8qNc5hfdndzuzeL3eYmY54i5xCE3uDkq+J8cccALXOQ1rvINf99j9/Xvi78Tu/+iEohFEYtYFLGIRRGLIhaxKGIRiyIWsZwwa1IjK9YMj2W9q7jV67pHKaVxfFW35ZifPH5/yppV/RPNO//jT1xTTF5FLupPKLEfzUjJet+oSd7+ljvKko/ugURtIfL6ufn66jXdI6/HFtRtKeYnd4VZt2056/qfirqjSzw8kgFjZC3eioCQlJQEn2RAUxARsKyPRj2aFJ+YlJQYf3DS7DBLV+p5LCFdqTwry3JQ+IqFRYqHR0xTyoqpnMGS4RvneklCaLwvq38DE6I51RLC3mkSDk6DnWKJ2tLExhk+j6XrDckES8CwN3l1UUPjcYSH1xvUplgKvNHQFre8a/zRpzSEKcGAvSRw2GO2xNIVN57J4re9oWyfmyy+UeyV0ZIb/TGgJLP8rCmW2HKGr9vTI9lw/vuDmbLqW8G9wFLSlH4OyxIPv14CNM9NloiwHahiPEIig6UZ1pb4g3lmE4tnnayj+qwf9xXzu9raPWeT/xZZmuGkYA5L0faGqvzpiKVqKSnrI32W0vh3cNtgMmYpJoqbEjN9dNPyIXI2jP0PLPksloaj4RmzNBwNT5+lWyiEzCtlPskS0T+aGUv/aolxT7MEdQHnsaT1q6rBbMxSDV4BQT2YDVmaib8belJjYTAu5RrPulNZktA/2rFU03o2QR9aZpydY8nb1dN6sI7qtzQsZW8hbGPpFs4rK8uwZTPL1OwRbphbqv5QWEFLy7pu51gKYy3V9Juui8fGhq/rN82iuphgYeHXazAbwrhlTV6ntLIklra8XYktLUej9vuklkXFzq7Egrqzx4NxPm13/tVQYO45OpaV8R47y9LYVh7Pctw0XTJc6JaEbcFLy969OZobG8vuNMx3laWf2OjqycQVAJOl6g3pBpai7U0uWKpidtfO8sFevcAnbhfbBZGxs896pBm+s3lliywByag8OUndT0KWxs7CZFm2o7adhUXY9sD/ytI/KfJ2L19d7YoIGE/ZJSk+IREBweDiZ05cv9Mndny5UhfR656QT1w/buao9eTWMt/C3zeLRLfBFLGIRRGLWBSxKGIRiyIWsShiEYsiFkUsYlHEIhZFLGJRxKKIRSyKWMSiiEVhweJf2dROPUsirO4AAAAASUVORK5CYII=')
;


INSERT INTO `tenant_providers` (`tenant_id`, `provider_code`, `config`, `attribute_map`)
VALUES
  ('2000000001','ldap','{\"auto_create_users\":true,\"server\":\"ldap.%%IamNS%%:389\",\"user_dn\":\"dc=openldap,dc=com\",\"user_filter\":\"\",\"login_attribute\":\"uid\",\"bind_attribute\":\"\",\"authentication\":true,\"authentication_user_dn\":\"cn=admin,ou=admins,dc=openldap,dc=com\",\"authentication_password\":\"admin&password\",\"group_membership\":false,\"group_dn\":\"\",\"group_name\":\"\",\"group_attribute\":\"\",\"user_unique_attribute\":\"\",\"include_user_dn\":false}', '[{\"source\": \"givenName\", \"destination\": \"attributes.given_name\", \"overwrite\": true }, {\"source\": \"sn\", \"destination\": \"attributes.family_name\", \"overwrite\": true}, {\"source\": \"mail\", \"destination\": \"attributes.email\", \"overwrite\": true}, { \"source\": \"telephoneNumber\", \"destination\": \"attributes.phone_number\", \"overwrite\": true }, { \"source\": \"title\", \"destination\": \"attributes.title\", \"overwrite\": true }, { \"source\": \"department\", \"destination\": \"attributes.department\", \"overwrite\": true }, { \"source\": \"street\", \"destination\": \"attributes.address.street_address\", \"overwrite\": true }, { \"source\": \"l\", \"destination\": \"attributes.address.locality\", \"overwrite\": true }, { \"source\": \"st\", \"destination\": \"attributes.address.region\", \"overwrite\": true }, { \"source\": \"postalCode\", \"destination\": \"attributes.address.postal_code\", \"overwrite\": true }, { \"source\": \"c\", \"destination\": \"attributes.address.country\", \"overwrite\": true } ]'),
  ('2000000001','local','{\n\"password_requirements\":{\"minimum_length\":6,\"maximum_length\":0,\"require_upper\":true,\"require_lower\":true,\"require_number\":true,\"require_special\":false,\"password_regex\":\"\",\"regex_description\":\"\"},\n\"password_expiration\":{\"time\":0,\"attempt\":0},\n\"login_lockout\":{\"type\":0,\"attempt\":0,\"time\":0}\n}',NULL),
  ('2000000001','saml', '{"sp_entity_id":"loginUsingOnlyLoginService","request_signing_cert":"-----BEGIN CERTIFICATE-----MIIDdTCCAl2gAwIBAgIJAMoIJg5+hQELMA0GCSqGSIb3DQEBCwUAMFExCzAJBgNVBAYTAkJZMQ4wDAYDVQQIDAVNaW5zazEOMAwGA1UEBwwFTWluc2sxETAPBgNVBAoMCFN1Z2FyQ1JNMQ8wDQYDVQQDDAZBbmRyZXcwHhcNMTYwODIzMTEyMDU0WhcNMTcwODIzMTEyMDU0WjBRMQswCQYDVQQGEwJCWTEOMAwGA1UECAwFTWluc2sxDjAMBgNVBAcMBU1pbnNrMREwDwYDVQQKDAhTdWdhckNSTTEPMA0GA1UEAwwGQW5kcmV3MIIBIjANBgkqhkiG9w0BAQEFAAOCAQ8AMIIBCgKCAQEAvhAn1TlTyUsn6JUvSnAYcT\/58hLRKz0J1SbU0xZ\/vSQZrVYLlAbzF69AlS+\/bfa5DUnIWC7Wte+JXSbzQ2P9Tx\/mbnSVUtJiRUdsPoj3bUFQbhGaT+LbPf8TcEMGpsc8JsAftSksC4wS1MuBqlpD4eibjUF8kjbB6i2c34zrqWX1mCJCFSae9YEocH9YW79dfYjcjK1T2N5tV0LVWgiU\/V1gtFx98v\/ibFBPO75MOH3gRmFE1a9fX0uD\/w0bDlV1HE0F0+1hCNrbCaw\/4uex5SWhOoaNTS0kueH3AcXtY1ju4WBlmloIenRJVQh\/WgKSteKTvzLwrRkuxt061wHzVwIDAQABo1AwTjAdBgNVHQ4EFgQUM+DmVDOGTb\/l6F8EWgc6gdJYjYgwHwYDVR0jBBgwFoAUM+DmVDOGTb\/l6F8EWgc6gdJYjYgwDAYDVR0TBAUwAwEB\/zANBgkqhkiG9w0BAQsFAAOCAQEAeVdxprEsLUT3ZHYwox1XzKwDk3UPu67jVtjrjYXLr\/qBqWVbDrAdVRimX9fI6pr9MFBzgVbMfZ6VkEwgfNgJnrKja4db\/4fk6qapPLf0FmOhDRjCweU6Tz4pQ\/QMeNBWbeK6Ekjqyz5mCxrbDmwNb\/tuD6MzEJMtpwNXNcU1X68rI6wY9Cdk8BWYNT3MQvf\/NjoR6Feqk\/qdgmEESZM\/QLhj6vb2LxdfHniBGBMFpuwnnzScNHc5NzYr9XzUJXcfVRsrKaKa1nLl21zeVKqNqf8SwFbJV9a6\/UYRnnS84hkawIP6WOLHDHdqN4yQ\/I7etFrMgWCeypFLCSN+46GHZw==-----END CERTIFICATE-----","request_signing_pkey":"-----BEGIN PRIVATE KEY-----MIIEvwIBADANBgkqhkiG9w0BAQEFAASCBKkwggSlAgEAAoIBAQC+ECfVOVPJSyfolS9KcBhxP\/nyEtErPQnVJtTTFn+9JBmtVguUBvMXr0CVL79t9rkNSchYLta174ldJvNDY\/1PH+ZudJVS0mJFR2w+iPdtQVBuEZpP4ts9\/xNwQwamxzwmwB+1KSwLjBLUy4GqWkPh6JuNQXySNsHqLZzfjOupZfWYIkIVJp71gShwf1hbv119iNyMrVPY3m1XQtVaCJT9XWC0XH3y\/+JsUE87vkw4feBGYUTVr19fS4P\/DRsOVXUcTQXT7WEI2tsJrD\/i57HlJaE6ho1NLSS54fcBxe1jWO7hYGWaWgh6dElVCH9aApK14pO\/MvCtGS7G3TrXAfNXAgMBAAECggEBAKrvIrPsnAM0eY7+5QpAaGsqC6P\/8mi9u6MdCllSKc40sncnJMCbw3NwpVfHGpZOR73AttNARNBZvyOtDSl1uvK3kOmUJlvXZJREGQDg9A4pqKllYXApad6HErdrQIcsNlfvgFTQ05ELCECjSlmoVtbM+WEAHYXug1YWcbjIJ4Yv4jcQwy4hesCW1QfhrvNjNCgURcPjZza8QhrtmCOiuQdJNUq9qWTeZnHnTqsF2IU4K6XNNdLxf2xZ7F+u4hVxcemjti7Nqd5sFkS6jHoKA6KFkdUfepAR5NwE9bZuLHz8ls3g0rVrzMLdhXPI+8zerWzXJbwI6v\/xaWxA+XCXwFECgYEA+EOYdd00iZ+owkU\/8ST5l104qW272igQl6ATsnRNU0s0N7Opoxdi2WWlc1rDI82HTuO4rlQIf6cfLLpPssjC1FAihhVgMy3NWxnFByUgZDMVuMsRaIvZ2336Bg4spgjdf9pl5SIhmZS5CuZdU9ntt43PuW3H\/zYtg49w9nrQe3kCgYEAw\/xKaQADhbW9M+00WaLrs6uSTSvj1jzVzja9gGdjmMMhDq6xSDQBXnvobE5YBA4idBXegNUkaFA38W\/EoZtKVPeOtp2d4FTOF8a5lMGoyehz5gJAghdDxr9xxyDC2nhLXxFej5Mblp92v4yj2U\/rq99yRwxO6Uco2gamZSU7YU8CgYBY6lzAWelnIPegHI06ILQDsi+I\/vQ4vgCzTXHAiEbpfhXFnWM0NjwBAJaxKeCaAhJj\/ss2JIKmtYRE0LWaoqykvc6flyhNLCpQZnpahMGFIYa2GISznOL56bSSVqFHFgW+tMmptv+xscJUVQ036uVoyDGNh\/QJQ64pYEZlALeKgQKBgQDB8vJQZssVj3zl3mBoNGq9K5Vk+YJHiXyszk9KuwY9Lx2PwiF\/KrgQIN8qD33axYIjD2FabZPSB1DVhZ45r8wnubVp0yFh14r8zJTrOZsn9Pp9LM1Z8FwKW3rlbO5n9ZPhSPcjbplmvfhuJ2gerpCzTjVxSiTthpZO7TXN8sKI0QKBgQCJV1u1K1t+SbosI0L9Ab7UTSjGBfyN5MJk8\/S+XFBfR8BEKNF7jLoJRlIGd4gBrCpCRmOfl\/0y\/LnJkcPn5mpN0HdfQ0UG48FvxovA+mlu88mXn9BGcGkl0wCLOqweLoty8x11bj0F\/HzwML+IOc2LpfBzb+d2XXEU54BlXH5J5A==-----END PRIVATE KEY-----","provision_user":true,"idp_entity_id":"http:\/\/saml-server.%%IamNS%%\/simplesaml\/saml2\/idp\/metadata.php","idp_sso_url":"http:\/\/saml-server.%%IamNS%%\/simplesaml\/saml2\/idp\/SSOService.php","idp_slo_url":"http:\/\/saml-server.%%IamNS%%\/simplesaml\/saml2\/idp\/SingleLogoutService.php","x509_cert":"-----BEGIN CERTIFICATE-----MIIDXTCCAkWgAwIBAgIJALmVVuDWu4NYMA0GCSqGSIb3DQEBCwUAMEUxCzAJBgNVBAYTAkFVMRMwEQYDVQQIDApTb21lLVN0YXRlMSEwHwYDVQQKDBhJbnRlcm5ldCBXaWRnaXRzIFB0eSBMdGQwHhcNMTYxMjMxMTQzNDQ3WhcNNDgwNjI1MTQzNDQ3WjBFMQswCQYDVQQGEwJBVTETMBEGA1UECAwKU29tZS1TdGF0ZTEhMB8GA1UECgwYSW50ZXJuZXQgV2lkZ2l0cyBQdHkgTHRkMIIBIjANBgkqhkiG9w0BAQEFAAOCAQ8AMIIBCgKCAQEAzUCFozgNb1h1M0jzNRSCjhOBnR+uVbVpaWfXYIR+AhWDdEe5ryY+CgavOg8bfLybyzFdehlYdDRgkedEB\/GjG8aJw06l0qF4jDOAw0kEygWCu2mcH7XOxRt+YAH3TVHa\/Hu1W3WjzkobqqqLQ8gkKWWM27fOgAZ6GieaJBN6VBSMMcPey3HWLBmc+TYJmv1dbaO2jHhKh8pfKw0W12VM8P1PIO8gv4Phu\/uuJYieBWKixBEyy0lHjyixYFCR12xdh4CA47q958ZRGnnDUGFVE1QhgRacJCOZ9bd5t9mr8KLaVBYTCJo5ERE8jymab5dPqe5qKfJsCZiqWglbjUo9twIDAQABo1AwTjAdBgNVHQ4EFgQUxpuwcs\/CYQOyui+r1G+3KxBNhxkwHwYDVR0jBBgwFoAUxpuwcs\/CYQOyui+r1G+3KxBNhxkwDAYDVR0TBAUwAwEB\/zANBgkqhkiG9w0BAQsFAAOCAQEAAiWUKs\/2x\/viNCKi3Y6blEuCtAGhzOOZ9EjrvJ8+COH3Rag3tVBWrcBZ3\/uhhPq5gy9lqw4OkvEws99\/5jFsX1FJ6MKBgqfuy7yh5s1YfM0ANHYczMmYpZeAcQf2CGAaVfwTTfSlzNLsF2lW\/ly7yapFzlYSJLGoVE+OHEu8g5SlNACUEfkXw+5Eghh+KzlIN7R6Q7r2ixWNFBC\/jWf7NKUfJyX8qIG5md1YUeT6GBW9Bm2\/1\/RiO24JTaYlfLdKK9TYb8sG5B+OLab2DImG99CJ25RkAcSobWNF5zD0O6lgOo3cEdB\/ksCq3hmtlC\/DlLZ\/D8CJ+7VuZnS1rR2naQ==-----END CERTIFICATE-----","sign_authn_request":true,"request_signing_method":"http:\/\/www.w3.org\/2001\/04\/xmldsig-more#rsa-sha256"}', '[\n  {\"source\" : \"name_id\", \"destination\": \"email\", \"overwrite\":true },\n {\"source\" : \"firstName\", \"destination\": \"attributes.given_name\", \"overwrite\":true },\n {\"source\" : \"lastName\", \"destination\": \"attributes.family_name\", \"overwrite\":true },\n {\"source\" : \"email\", \"destination\": \"attributes.email\", \"overwrite\":true },\n {\"source\" : \"telephoneNumber\", \"destination\": \"attributes.phone_number\", \"overwrite\":true },\n {\"source\" : \"title\", \"destination\": \"attributes.title\", \"overwrite\":true },\n {\"source\" : \"department\", \"destination\": \"attributes.department\", \"overwrite\":true },\n {\"source\" : \"streetAddress\", \"destination\": \"attributes.address.street_address\", \"overwrite\":true },\n {\"source\" : \"city\", \"destination\": \"attributes.address.locality\", \"overwrite\":true },\n {\"source\" : \"state\", \"destination\": \"attributes.address.region\", \"overwrite\":true },\n {\"source\" : \"zipCode\", \"destination\": \"attributes.address.postal_code\", \"overwrite\":true },\n {\"source\" : \"countryCode\", \"destination\": \"attributes.address.countryCode\", \"overwrite\":true }\n]'),
  ('2000000002','local','{\n\"password_requirements\":{\"minimum_length\":6,\"maximum_length\":0, \"require_upper\":true,\"require_lower\":true,\"require_number\":true,\"require_special\":false,\"password_regex\":\"\",\"regex_description\":\"\"},\n\"password_expiration\":{\"time\":0,\"attempt\":0},\n\"login_lockout\":{\"type\":0,\"attempt\":0,\"time\":0}\n}',NULL),
  ('2000000002','ldap','{\"auto_create_users\":true,\"server\":\"ldap.%%IamNS%%:389\",\"user_dn\":\"dc=openldap,dc=com\",\"user_filter\":\"\",\"login_attribute\":\"uid\",\"bind_attribute\":\"\",\"authentication\":true,\"authentication_user_dn\":\"cn=admin,ou=admins,dc=openldap,dc=com\",\"authentication_password\":\"admin&password\",\"group_membership\":false,\"group_dn\":\"\",\"group_name\":\"\",\"group_attribute\":\"\",\"user_unique_attribute\":\"\",\"include_user_dn\":false}',NULL),
  ('2000000003','local','{\n\"password_requirements\":{\"minimum_length\":6,\"maximum_length\":0, \"require_upper\":true,\"require_lower\":true,\"require_number\":true,\"require_special\":false,\"password_regex\":\"\",\"regex_description\":\"\"},\n\"password_expiration\":{\"time\":0,\"attempt\":0},\n\"login_lockout\":{\"type\":0,\"attempt\":0,\"time\":0}\n}',NULL),
  ('2000000003','ldap','{\"auto_create_users\":true,\"server\":\"ldap.%%IamNS%%:389\",\"user_dn\":\"dc=openldap,dc=com\",\"user_filter\":\"(objectClass=person)\",\"login_attribute\":\"uid\",\"bind_attribute\":\"\",\"authentication\":true,\"authentication_user_dn\":\"cn=admin,ou=admins,dc=openldap,dc=com\",\"authentication_password\":\"admin&password\",\"group_membership\":false,\"group_dn\":\"\",\"group_name\":\"\",\"group_attribute\":\"\",\"user_unique_attribute\":\"\",\"include_user_dn\":false}',NULL),
  ('2000000004','saml', '{"sp_entity_id":"loginUsingOnlyLoginService","request_signing_cert":"-----BEGIN CERTIFICATE-----MIIDdTCCAl2gAwIBAgIJAMoIJg5+hQELMA0GCSqGSIb3DQEBCwUAMFExCzAJBgNVBAYTAkJZMQ4wDAYDVQQIDAVNaW5zazEOMAwGA1UEBwwFTWluc2sxETAPBgNVBAoMCFN1Z2FyQ1JNMQ8wDQYDVQQDDAZBbmRyZXcwHhcNMTYwODIzMTEyMDU0WhcNMTcwODIzMTEyMDU0WjBRMQswCQYDVQQGEwJCWTEOMAwGA1UECAwFTWluc2sxDjAMBgNVBAcMBU1pbnNrMREwDwYDVQQKDAhTdWdhckNSTTEPMA0GA1UEAwwGQW5kcmV3MIIBIjANBgkqhkiG9w0BAQEFAAOCAQ8AMIIBCgKCAQEAvhAn1TlTyUsn6JUvSnAYcT\/58hLRKz0J1SbU0xZ\/vSQZrVYLlAbzF69AlS+\/bfa5DUnIWC7Wte+JXSbzQ2P9Tx\/mbnSVUtJiRUdsPoj3bUFQbhGaT+LbPf8TcEMGpsc8JsAftSksC4wS1MuBqlpD4eibjUF8kjbB6i2c34zrqWX1mCJCFSae9YEocH9YW79dfYjcjK1T2N5tV0LVWgiU\/V1gtFx98v\/ibFBPO75MOH3gRmFE1a9fX0uD\/w0bDlV1HE0F0+1hCNrbCaw\/4uex5SWhOoaNTS0kueH3AcXtY1ju4WBlmloIenRJVQh\/WgKSteKTvzLwrRkuxt061wHzVwIDAQABo1AwTjAdBgNVHQ4EFgQUM+DmVDOGTb\/l6F8EWgc6gdJYjYgwHwYDVR0jBBgwFoAUM+DmVDOGTb\/l6F8EWgc6gdJYjYgwDAYDVR0TBAUwAwEB\/zANBgkqhkiG9w0BAQsFAAOCAQEAeVdxprEsLUT3ZHYwox1XzKwDk3UPu67jVtjrjYXLr\/qBqWVbDrAdVRimX9fI6pr9MFBzgVbMfZ6VkEwgfNgJnrKja4db\/4fk6qapPLf0FmOhDRjCweU6Tz4pQ\/QMeNBWbeK6Ekjqyz5mCxrbDmwNb\/tuD6MzEJMtpwNXNcU1X68rI6wY9Cdk8BWYNT3MQvf\/NjoR6Feqk\/qdgmEESZM\/QLhj6vb2LxdfHniBGBMFpuwnnzScNHc5NzYr9XzUJXcfVRsrKaKa1nLl21zeVKqNqf8SwFbJV9a6\/UYRnnS84hkawIP6WOLHDHdqN4yQ\/I7etFrMgWCeypFLCSN+46GHZw==-----END CERTIFICATE-----","request_signing_pkey":"-----BEGIN PRIVATE KEY-----MIIEvwIBADANBgkqhkiG9w0BAQEFAASCBKkwggSlAgEAAoIBAQC+ECfVOVPJSyfolS9KcBhxP\/nyEtErPQnVJtTTFn+9JBmtVguUBvMXr0CVL79t9rkNSchYLta174ldJvNDY\/1PH+ZudJVS0mJFR2w+iPdtQVBuEZpP4ts9\/xNwQwamxzwmwB+1KSwLjBLUy4GqWkPh6JuNQXySNsHqLZzfjOupZfWYIkIVJp71gShwf1hbv119iNyMrVPY3m1XQtVaCJT9XWC0XH3y\/+JsUE87vkw4feBGYUTVr19fS4P\/DRsOVXUcTQXT7WEI2tsJrD\/i57HlJaE6ho1NLSS54fcBxe1jWO7hYGWaWgh6dElVCH9aApK14pO\/MvCtGS7G3TrXAfNXAgMBAAECggEBAKrvIrPsnAM0eY7+5QpAaGsqC6P\/8mi9u6MdCllSKc40sncnJMCbw3NwpVfHGpZOR73AttNARNBZvyOtDSl1uvK3kOmUJlvXZJREGQDg9A4pqKllYXApad6HErdrQIcsNlfvgFTQ05ELCECjSlmoVtbM+WEAHYXug1YWcbjIJ4Yv4jcQwy4hesCW1QfhrvNjNCgURcPjZza8QhrtmCOiuQdJNUq9qWTeZnHnTqsF2IU4K6XNNdLxf2xZ7F+u4hVxcemjti7Nqd5sFkS6jHoKA6KFkdUfepAR5NwE9bZuLHz8ls3g0rVrzMLdhXPI+8zerWzXJbwI6v\/xaWxA+XCXwFECgYEA+EOYdd00iZ+owkU\/8ST5l104qW272igQl6ATsnRNU0s0N7Opoxdi2WWlc1rDI82HTuO4rlQIf6cfLLpPssjC1FAihhVgMy3NWxnFByUgZDMVuMsRaIvZ2336Bg4spgjdf9pl5SIhmZS5CuZdU9ntt43PuW3H\/zYtg49w9nrQe3kCgYEAw\/xKaQADhbW9M+00WaLrs6uSTSvj1jzVzja9gGdjmMMhDq6xSDQBXnvobE5YBA4idBXegNUkaFA38W\/EoZtKVPeOtp2d4FTOF8a5lMGoyehz5gJAghdDxr9xxyDC2nhLXxFej5Mblp92v4yj2U\/rq99yRwxO6Uco2gamZSU7YU8CgYBY6lzAWelnIPegHI06ILQDsi+I\/vQ4vgCzTXHAiEbpfhXFnWM0NjwBAJaxKeCaAhJj\/ss2JIKmtYRE0LWaoqykvc6flyhNLCpQZnpahMGFIYa2GISznOL56bSSVqFHFgW+tMmptv+xscJUVQ036uVoyDGNh\/QJQ64pYEZlALeKgQKBgQDB8vJQZssVj3zl3mBoNGq9K5Vk+YJHiXyszk9KuwY9Lx2PwiF\/KrgQIN8qD33axYIjD2FabZPSB1DVhZ45r8wnubVp0yFh14r8zJTrOZsn9Pp9LM1Z8FwKW3rlbO5n9ZPhSPcjbplmvfhuJ2gerpCzTjVxSiTthpZO7TXN8sKI0QKBgQCJV1u1K1t+SbosI0L9Ab7UTSjGBfyN5MJk8\/S+XFBfR8BEKNF7jLoJRlIGd4gBrCpCRmOfl\/0y\/LnJkcPn5mpN0HdfQ0UG48FvxovA+mlu88mXn9BGcGkl0wCLOqweLoty8x11bj0F\/HzwML+IOc2LpfBzb+d2XXEU54BlXH5J5A==-----END PRIVATE KEY-----","provision_user":true,"idp_entity_id":"http:\/\/saml-server.%%IamNS%%\/simplesaml\/saml2\/idp\/metadata.php","idp_sso_url":"http:\/\/saml-server.%%IamNS%%\/simplesaml\/saml2\/idp\/SSOService.php","idp_slo_url":"http:\/\/saml-server.%%IamNS%%\/simplesaml\/saml2\/idp\/SingleLogoutService.php","x509_cert":"-----BEGIN CERTIFICATE-----MIIDXTCCAkWgAwIBAgIJALmVVuDWu4NYMA0GCSqGSIb3DQEBCwUAMEUxCzAJBgNVBAYTAkFVMRMwEQYDVQQIDApTb21lLVN0YXRlMSEwHwYDVQQKDBhJbnRlcm5ldCBXaWRnaXRzIFB0eSBMdGQwHhcNMTYxMjMxMTQzNDQ3WhcNNDgwNjI1MTQzNDQ3WjBFMQswCQYDVQQGEwJBVTETMBEGA1UECAwKU29tZS1TdGF0ZTEhMB8GA1UECgwYSW50ZXJuZXQgV2lkZ2l0cyBQdHkgTHRkMIIBIjANBgkqhkiG9w0BAQEFAAOCAQ8AMIIBCgKCAQEAzUCFozgNb1h1M0jzNRSCjhOBnR+uVbVpaWfXYIR+AhWDdEe5ryY+CgavOg8bfLybyzFdehlYdDRgkedEB\/GjG8aJw06l0qF4jDOAw0kEygWCu2mcH7XOxRt+YAH3TVHa\/Hu1W3WjzkobqqqLQ8gkKWWM27fOgAZ6GieaJBN6VBSMMcPey3HWLBmc+TYJmv1dbaO2jHhKh8pfKw0W12VM8P1PIO8gv4Phu\/uuJYieBWKixBEyy0lHjyixYFCR12xdh4CA47q958ZRGnnDUGFVE1QhgRacJCOZ9bd5t9mr8KLaVBYTCJo5ERE8jymab5dPqe5qKfJsCZiqWglbjUo9twIDAQABo1AwTjAdBgNVHQ4EFgQUxpuwcs\/CYQOyui+r1G+3KxBNhxkwHwYDVR0jBBgwFoAUxpuwcs\/CYQOyui+r1G+3KxBNhxkwDAYDVR0TBAUwAwEB\/zANBgkqhkiG9w0BAQsFAAOCAQEAAiWUKs\/2x\/viNCKi3Y6blEuCtAGhzOOZ9EjrvJ8+COH3Rag3tVBWrcBZ3\/uhhPq5gy9lqw4OkvEws99\/5jFsX1FJ6MKBgqfuy7yh5s1YfM0ANHYczMmYpZeAcQf2CGAaVfwTTfSlzNLsF2lW\/ly7yapFzlYSJLGoVE+OHEu8g5SlNACUEfkXw+5Eghh+KzlIN7R6Q7r2ixWNFBC\/jWf7NKUfJyX8qIG5md1YUeT6GBW9Bm2\/1\/RiO24JTaYlfLdKK9TYb8sG5B+OLab2DImG99CJ25RkAcSobWNF5zD0O6lgOo3cEdB\/ksCq3hmtlC\/DlLZ\/D8CJ+7VuZnS1rR2naQ==-----END CERTIFICATE-----","sign_authn_request":true,"request_signing_method":"http:\/\/www.w3.org\/2001\/04\/xmldsig-more#rsa-sha256"}', '[\n  {\"source\" : \"name_id\", \"destination\": \"email\", \"overwrite\":true }\n]'),
  ('2000000004','local','{\n\"password_requirements\":{\"minimum_length\":6,\"maximum_length\":0,\"require_upper\":true,\"require_lower\":true,\"require_number\":true,\"require_special\":false,\"password_regex\":\"\",\"regex_description\":\"\"},\n\"password_expiration\":{\"time\":0,\"attempt\":0},\n\"login_lockout\":{\"type\":0,\"attempt\":0,\"time\":0}\n}',NULL),
  ('2000000005','saml', '{"sp_entity_id":"loginUsingOnlyLoginService","request_signing_cert":"-----BEGIN CERTIFICATE-----MIIDdTCCAl2gAwIBAgIJAMoIJg5+hQELMA0GCSqGSIb3DQEBCwUAMFExCzAJBgNVBAYTAkJZMQ4wDAYDVQQIDAVNaW5zazEOMAwGA1UEBwwFTWluc2sxETAPBgNVBAoMCFN1Z2FyQ1JNMQ8wDQYDVQQDDAZBbmRyZXcwHhcNMTYwODIzMTEyMDU0WhcNMTcwODIzMTEyMDU0WjBRMQswCQYDVQQGEwJCWTEOMAwGA1UECAwFTWluc2sxDjAMBgNVBAcMBU1pbnNrMREwDwYDVQQKDAhTdWdhckNSTTEPMA0GA1UEAwwGQW5kcmV3MIIBIjANBgkqhkiG9w0BAQEFAAOCAQ8AMIIBCgKCAQEAvhAn1TlTyUsn6JUvSnAYcT\/58hLRKz0J1SbU0xZ\/vSQZrVYLlAbzF69AlS+\/bfa5DUnIWC7Wte+JXSbzQ2P9Tx\/mbnSVUtJiRUdsPoj3bUFQbhGaT+LbPf8TcEMGpsc8JsAftSksC4wS1MuBqlpD4eibjUF8kjbB6i2c34zrqWX1mCJCFSae9YEocH9YW79dfYjcjK1T2N5tV0LVWgiU\/V1gtFx98v\/ibFBPO75MOH3gRmFE1a9fX0uD\/w0bDlV1HE0F0+1hCNrbCaw\/4uex5SWhOoaNTS0kueH3AcXtY1ju4WBlmloIenRJVQh\/WgKSteKTvzLwrRkuxt061wHzVwIDAQABo1AwTjAdBgNVHQ4EFgQUM+DmVDOGTb\/l6F8EWgc6gdJYjYgwHwYDVR0jBBgwFoAUM+DmVDOGTb\/l6F8EWgc6gdJYjYgwDAYDVR0TBAUwAwEB\/zANBgkqhkiG9w0BAQsFAAOCAQEAeVdxprEsLUT3ZHYwox1XzKwDk3UPu67jVtjrjYXLr\/qBqWVbDrAdVRimX9fI6pr9MFBzgVbMfZ6VkEwgfNgJnrKja4db\/4fk6qapPLf0FmOhDRjCweU6Tz4pQ\/QMeNBWbeK6Ekjqyz5mCxrbDmwNb\/tuD6MzEJMtpwNXNcU1X68rI6wY9Cdk8BWYNT3MQvf\/NjoR6Feqk\/qdgmEESZM\/QLhj6vb2LxdfHniBGBMFpuwnnzScNHc5NzYr9XzUJXcfVRsrKaKa1nLl21zeVKqNqf8SwFbJV9a6\/UYRnnS84hkawIP6WOLHDHdqN4yQ\/I7etFrMgWCeypFLCSN+46GHZw==-----END CERTIFICATE-----","request_signing_pkey":"-----BEGIN PRIVATE KEY-----MIIEvwIBADANBgkqhkiG9w0BAQEFAASCBKkwggSlAgEAAoIBAQC+ECfVOVPJSyfolS9KcBhxP\/nyEtErPQnVJtTTFn+9JBmtVguUBvMXr0CVL79t9rkNSchYLta174ldJvNDY\/1PH+ZudJVS0mJFR2w+iPdtQVBuEZpP4ts9\/xNwQwamxzwmwB+1KSwLjBLUy4GqWkPh6JuNQXySNsHqLZzfjOupZfWYIkIVJp71gShwf1hbv119iNyMrVPY3m1XQtVaCJT9XWC0XH3y\/+JsUE87vkw4feBGYUTVr19fS4P\/DRsOVXUcTQXT7WEI2tsJrD\/i57HlJaE6ho1NLSS54fcBxe1jWO7hYGWaWgh6dElVCH9aApK14pO\/MvCtGS7G3TrXAfNXAgMBAAECggEBAKrvIrPsnAM0eY7+5QpAaGsqC6P\/8mi9u6MdCllSKc40sncnJMCbw3NwpVfHGpZOR73AttNARNBZvyOtDSl1uvK3kOmUJlvXZJREGQDg9A4pqKllYXApad6HErdrQIcsNlfvgFTQ05ELCECjSlmoVtbM+WEAHYXug1YWcbjIJ4Yv4jcQwy4hesCW1QfhrvNjNCgURcPjZza8QhrtmCOiuQdJNUq9qWTeZnHnTqsF2IU4K6XNNdLxf2xZ7F+u4hVxcemjti7Nqd5sFkS6jHoKA6KFkdUfepAR5NwE9bZuLHz8ls3g0rVrzMLdhXPI+8zerWzXJbwI6v\/xaWxA+XCXwFECgYEA+EOYdd00iZ+owkU\/8ST5l104qW272igQl6ATsnRNU0s0N7Opoxdi2WWlc1rDI82HTuO4rlQIf6cfLLpPssjC1FAihhVgMy3NWxnFByUgZDMVuMsRaIvZ2336Bg4spgjdf9pl5SIhmZS5CuZdU9ntt43PuW3H\/zYtg49w9nrQe3kCgYEAw\/xKaQADhbW9M+00WaLrs6uSTSvj1jzVzja9gGdjmMMhDq6xSDQBXnvobE5YBA4idBXegNUkaFA38W\/EoZtKVPeOtp2d4FTOF8a5lMGoyehz5gJAghdDxr9xxyDC2nhLXxFej5Mblp92v4yj2U\/rq99yRwxO6Uco2gamZSU7YU8CgYBY6lzAWelnIPegHI06ILQDsi+I\/vQ4vgCzTXHAiEbpfhXFnWM0NjwBAJaxKeCaAhJj\/ss2JIKmtYRE0LWaoqykvc6flyhNLCpQZnpahMGFIYa2GISznOL56bSSVqFHFgW+tMmptv+xscJUVQ036uVoyDGNh\/QJQ64pYEZlALeKgQKBgQDB8vJQZssVj3zl3mBoNGq9K5Vk+YJHiXyszk9KuwY9Lx2PwiF\/KrgQIN8qD33axYIjD2FabZPSB1DVhZ45r8wnubVp0yFh14r8zJTrOZsn9Pp9LM1Z8FwKW3rlbO5n9ZPhSPcjbplmvfhuJ2gerpCzTjVxSiTthpZO7TXN8sKI0QKBgQCJV1u1K1t+SbosI0L9Ab7UTSjGBfyN5MJk8\/S+XFBfR8BEKNF7jLoJRlIGd4gBrCpCRmOfl\/0y\/LnJkcPn5mpN0HdfQ0UG48FvxovA+mlu88mXn9BGcGkl0wCLOqweLoty8x11bj0F\/HzwML+IOc2LpfBzb+d2XXEU54BlXH5J5A==-----END PRIVATE KEY-----","provision_user":true,"idp_entity_id":"http:\/\/saml-server.%%IamNS%%\/simplesaml\/saml2\/idp\/metadata.php","idp_sso_url":"http:\/\/saml-server.%%IamNS%%\/simplesaml\/saml2\/idp\/SSOService.php","idp_slo_url":"http:\/\/saml-server.%%IamNS%%\/simplesaml\/saml2\/idp\/SingleLogoutService.php","x509_cert":"WRONG_x509_CERT","sign_authn_request":true,"request_signing_method":"http:\/\/www.w3.org\/2001\/04\/xmldsig-more#rsa-sha256"}', '[\n  {\"source\" : \"name_id\", \"destination\": \"email\", \"overwrite\":true }\n]'),
  ('2000000006','local','{"password_requirements":{"minimum_length":5,"maximum_length":20},"password_expiration":{"time":{},"attempt":2},"login_lockout":{"time":{}}}', NULL),
  ('2000000007','local','{\n\"password_requirements\":{\"minimum_length\":6,\"maximum_length\":0,\"require_upper\":true,\"require_lower\":true,\"require_number\":true,\"require_special\":false,\"password_regex\":\"\",\"regex_description\":\"\"},\n\"password_expiration\":{\"time\":0,\"attempt\":0},\n\"login_lockout\":{\"type\":0,\"attempt\":0,\"time\":0}\n}',NULL),
  ('2000000008','ldap','{\"auto_create_users\":true,\"server\":\"ldap.%%IamNS%%:389\",\"user_dn\":\"dc=openldap,dc=com\",\"user_filter\":\"\",\"login_attribute\":\"uid\",\"bind_attribute\":\"\",\"authentication\":true,\"authentication_user_dn\":\"cn=admin,ou=admins,dc=openldap,dc=com\",\"authentication_password\":\"admin&password\",\"group_membership\":false,\"group_dn\":\"\",\"group_name\":\"\",\"group_attribute\":\"\",\"user_unique_attribute\":\"\",\"include_user_dn\":false}', '[{\"source\": \"givenName\", \"destination\": \"attributes.given_name\", \"overwrite\": true }, {\"source\": \"sn\", \"destination\": \"attributes.family_name\", \"overwrite\": true}, {\"source\": \"mail\", \"destination\": \"attributes.email\", \"overwrite\": true}, { \"source\": \"telephoneNumber\", \"destination\": \"attributes.phone_number\", \"overwrite\": true }, { \"source\": \"title\", \"destination\": \"attributes.title\", \"overwrite\": true }, { \"source\": \"department\", \"destination\": \"attributes.department\", \"overwrite\": true }, { \"source\": \"street\", \"destination\": \"attributes.address.street_address\", \"overwrite\": true }, { \"source\": \"l\", \"destination\": \"attributes.address.locality\", \"overwrite\": true }, { \"source\": \"st\", \"destination\": \"attributes.address.region\", \"overwrite\": true }, { \"source\": \"postalCode\", \"destination\": \"attributes.address.postal_code\", \"overwrite\": true }, { \"source\": \"c\", \"destination\": \"attributes.address.country\", \"overwrite\": true } ]'),
  ('2000000008','local','{\n\"password_requirements\":{\"minimum_length\":6,\"maximum_length\":0,\"require_upper\":true,\"require_lower\":true,\"require_number\":true,\"require_special\":false,\"password_regex\":\"\",\"regex_description\":\"\"},\n\"password_expiration\":{\"time\":0,\"attempt\":0},\n\"login_lockout\":{\"type\":0,\"attempt\":0,\"time\":0}\n}',NULL)
;
  
INSERT INTO `users` (`id`, `tenant_id`, `password_hash`, `create_time`, `modify_time`, `status`, `last_login`, `login_attempts`, `password_last_changed`, `user_type`, `attributes`, `created_by`, `modified_by`) VALUES
  ('6f1f6421-6a77-409d-8a59-76308ee399df', '2000000001', '$2y$10$XZqRv/2rA56qz/Y/Sw1D9.021038DkyqXQkkrIeukWvePD4YKcV8y', '2018-02-21 15:39:49', '2018-02-21 15:39:49', 0, NULL, 0, NULL, 0, '{"family_name":"user1", "email":"user1@ex.com"}', 'testLocal1', 'testLocal1'),
  ('6b0d13f2-aeb4-4a7e-ba38-a0cf44640499', '2000000001', '$2y$10$MdbT1ouox0b01cUspLHGseO6s60CN6sYvHGQl2j.hoyDoDawHKegq', '2018-02-21 15:39:49', '2018-02-21 15:39:49', 0, NULL, 0, NULL, 0, '{"family_name":"user2", "email":"user2@ex.com"}', 'testLocal1', 'testLocal1'),
  ('bbea1845-d6a1-477b-bffe-370174f01710', '2000000001', '$2y$10$KOw.QgPGGcmDZ3vBBRbNTe3/F5xHPAadfhvg4hsrG/tN8CrJTeWES', '2018-02-21 15:39:49', '2018-02-21 15:39:49', 1, NULL, 0, NULL, 0, '{"family_name":"user3", "email":"user3@ex.com"}', 'testLocal1', 'testLocal1'),
  ('e842d2e5-cc5f-4876-93fb-a478ba451afe', '2000000001', '$2y$10$bgsdeIMU6zvefbo9PAdhzOxu.EZW0X9i7TGidJf8P2JJQ3YKkpDHK', '2018-02-21 15:39:49', '2018-02-21 15:39:49', 0, NULL, 0, NULL, 0, '{"family_name":"user4", "email":"user4@ex.com"}', 'testLocal1', 'testLocal1'),
  ('3b678759-d906-4bab-9d2e-78d4a4fdc025', '2000000001', '$2y$10$MpWZ02kHzd93vblFBFT.Tu74d1tAj3MSpZIrkfZAu5/MWxDimnT/y', '2018-02-21 15:39:49', '2018-02-21 15:39:49', 0, NULL, 0, NOW(), 0, '{"family_name":"user5", "email":"user5@ex.com"}', 'testLocal1', 'testLocal1'),
  ('1aa16947-9d38-4b4e-8204-331e421fb432', '2000000001', '$2y$10$nCF6AsdPzvyocP2ynoCgUeXlmlpx2ldc1VfNiFSFy1/UGR8btnYCi', '2018-02-21 15:39:49', '2018-02-21 15:39:49', 1, NULL, 0, NOW(), 0, '{"family_name":"user6", "email":"user6@ex.com"}', 'testLocal1', 'testLocal1'),
  ('14acb450-5292-42e4-9c41-dd864cce01ac', '2000000001', '$2y$10$QE7XRFHgfb.OItUMz15yg./OqC1mHxh4NAz9nsy9nvX97e.0eM19O', '2018-02-21 15:39:49', '2018-02-21 15:39:49', 0, NULL, 0, NOW(), 0, '{"family_name":"user7", "email":"user7@ex.com"}', 'testLocal1', 'testLocal1'),
  ('5f4e765c-60cc-4a28-b8bb-7f620258c875', '2000000001', '$2y$10$LYVZ69PzYq4PzyRu4HDa2O5QFFhaUXYnGfF494d3mZ1m5DKtxT7qy', '2018-02-21 15:39:49', '2018-02-21 15:39:49', 0, NULL, 0, NOW(), 0, '{"family_name":"user8", "email":"user8@ex.com"}', 'testLocal1', 'testLocal1'),
  ('aff20d60-c4b7-45d3-abae-008f5e46cb0a', '2000000001', '$2y$10$LQXh7zSYaoPmTjboRYSHEOykYtluL1u4iuwjOqFf.AArvS4XAtBFG', '2018-02-21 15:39:49', '2018-02-21 15:39:49', 1, NULL, 0, NOW(), 0, '{"family_name":"user9", "email":"user9@ex.com"}', 'testLocal1', 'testLocal1'),
  ('6efcf62d-35af-419a-8c2f-bb2b494de003', '2000000001', '$2y$10$J9J81Pxu2lmrRawGVKj73OOd.QREqBVb2w6sPPQrS1tx88.YDV3P6', '2018-02-21 15:39:49', '2018-02-21 15:39:49', 0, NULL, 0, NOW(), 0, '{"family_name":"user10", "email":"user10@ex.com"}', 'testLocal1', 'testLocal1'),

  -- Sugar Demo Users
  ('1', '2000000001', '$2y$10$Bnz3li0mdIBAumTKiVDNgOXnufzhyFBrqW5ORffAWMHjv/wAvx8u.', '2018-02-21 15:39:49', '2018-02-21 15:39:49', 0, NULL, 0, NULL, 1, NULL, 'testLocal1', 'testLocal1'),
  ('seed_chris_id', '2000000001', '$2y$10$ajV.IV5tI95nLuJzcXVlkurniqmjj8YW3SbLiTZADdxXWrsAuWTRS', '2018-02-21 15:39:49', '2018-02-21 15:39:49', 0, NULL, 0, NULL, 0, '{"given_name":"Chris","family_name":"Chris_family_long_family_name_longer_then_30_charts","nickname":"max","email":"chris@example.lh","phone_number":"+1234567890","address":{"street_address":"teststreet","locality":"testlocality","region":"testregion","postal_code":"123456","country":"testcountry"}}', 'testLocal1', 'testLocal1'),
  ('seed_jim_id', '2000000001', '$2y$10$5lm0SW1y/JX8ByL36FVHn.n4LpCqTJ.xrCTX5mVPmGJd5oIFSHbMy', '2018-02-21 15:39:49', '2018-02-21 15:39:49', 0, NULL, 0, NULL, 0, '{"given_name":"jim","family_name":"jim_family","nickname":"max","email":"jim@example.lh","phone_number":"+1234567890","address":{"street_address":"teststreet","locality":"testlocality","region":"testregion","postal_code":"123456","country":"testcountry"}}', 'testLocal1', 'testLocal1'),
  ('seed_sarah_id', '2000000001', '$2y$10$LYddohgfeJsJ0iRYdz8GoetfBbHn5RKGn/40IMbrhKHaYFI3GLFU6', '2018-02-21 15:39:49', '2018-02-21 15:39:49', 0, NULL, 0, NOW(), 0, '{"given_name":"sarah","family_name":"sarah_family","nickname":"max","email":"sarah@example.lh","phone_number":"+1234567890","address":{"street_address":"teststreet","locality":"testlocality","region":"testregion","postal_code":"123456","country":"testcountry"}}', 'testLocal1', 'testLocal1'),
  ('seed_will_id', '2000000001', '$2y$10$HbfPgZL.5F9YaYYqsbTRY.bHGC4P/ZJE3U.b9p9J0l9Prq4//Wkay', '2018-02-21 15:39:49', '2018-02-21 15:39:49', 0, NULL, 0, NOW(), 0, '{"given_name":"will","family_name":"will_family","nickname":"max","email":"will@example.lh","phone_number":"+1234567890","address":{"street_address":"teststreet","locality":"testlocality","region":"testregion","postal_code":"123456","country":"testcountry"}}', 'testLocal1', 'testLocal1'),
  ('seed_max_id', '2000000001', '$2y$10$mSJJchpYAPrwkbxajsKkVeduAf6McA2F6yYvihAeL2zOH0JUAKVp.', '2018-02-21 15:39:49', '2018-02-21 15:39:49', 0, NULL, 0, NOW(), 0, '{"given_name":"Max","family_name":"Jensen","nickname":"max","email":"max.jensen@example.lh","phone_number":"+1234567890","address":{"street_address":"teststreet","locality":"testlocality","region":"testregion","postal_code":"123456","country":"testcountry"}}', 'testLocal1', 'testLocal1'),
  ('seed_sally_id', '2000000001', '$2y$10$MGuNRENyJH7FI2WtW1/HgeVc9bV.W71rI4LKpliUvj.WxRVDMvxtK', '2018-02-21 15:39:49', '2018-02-21 15:39:49', 0, NULL, 0, NOW(), 0, '{"given_name":"sally","family_name":"sally_family","nickname":"max","email":"sally@example.lh","phone_number":"+1234567890","address":{"street_address":"teststreet","locality":"testlocality","region":"testregion","postal_code":"123456","country":"testcountry"}}', 'testLocal1', 'testLocal1'),
  ('seed_sally_id', '2000000006', '$2y$10$MGuNRENyJH7FI2WtW1/HgeVc9bV.W71rI4LKpliUvj.WxRVDMvxtK', '2018-02-21 15:39:49', '2018-02-21 15:39:49', 0, NULL, 0, NOW(), 0, '{"given_name":"sally","family_name":"sally_family","nickname":"max","email":"sally@example.lh","phone_number":"+1234567890","address":{"street_address":"teststreet","locality":"testlocality","region":"testregion","postal_code":"123456","country":"testcountry"}}', 'testLocal1', 'testLocal1'),
  ('seed_sally_id', '2000000004', '$2y$10$MGuNRENyJH7FI2WtW1/HgeVc9bV.W71rI4LKpliUvj.WxRVDMvxtK', '2018-02-21 15:39:49', '2018-02-21 15:39:49', 0, NULL, 0, NOW(), 0, '{"given_name":"sally","family_name":"sally_family","nickname":"max","email":"sally@example.lh","phone_number":"+1234567890","address":{"street_address":"teststreet","locality":"testlocality","region":"testregion","postal_code":"123456","country":"testcountry"}}', 'testLocal1', 'testLocal1'),

  -- LDAP Users already provisioned
  ('8cefa54e-4567-4073-bc1e-c97e4d6eba9e', '2000000001', NULL, '2018-02-21 15:39:49', '2018-02-21 15:39:49', 0, NULL, 0, NULL, 0, '{"family_name":"abey", "email":"abey@ex.com"}', 'testLocal1', 'testLocal1'),
  
  -- SAML Users already provisioned
  ('7cda92e4-c29c-46bd-a065-e665e9b72fdc', '2000000001', NULL, '2019-06-14 13:44:00', '2019-06-14 13:44:59', 0, NULL, 0, NULL, 0, '{"given_name":"Pit", "family_name":"Hansson", "email":"user7@provisioned.example.com", "title":"Senior Engineer", "phone_number":"+80-800-9-999", "address":{"locality": "Prague"}}', 'testLocal1', 'testLocal1'),
  ('89ad1907-97eb-4057-8ca0-3c9f1164eb3b', '2000000004', NULL, '2019-12-04 10:55:59', '2019-12-04 10:55:59', 1, NULL, 0, NULL, 0, '{"given_name":"John", "family_name":"Melgar", "email":"user8@provisioned.inactived.example.com", "title":"Senior Engineer", "phone_number":"+1-626-388-1807", "address":{"locality": "Los Angeles"}}', 'testLocal1', 'testLocal1'),

  -- Users of tenant 2000000008
  ('418da48b-d8a7-4548-9ef2-d43095b57ff7', '2000000008', '$2y$10$XZqRv/2rA56qz/Y/Sw1D9.021038DkyqXQkkrIeukWvePD4YKcV8y', '2018-02-21 15:39:49', '2018-02-21 15:39:49', 0, NULL, 0, NULL, 0, '{"family_name":"user1", "email":"user1@ex.com"}', 'testLocal8', 'testLocal8'),
  ('317146ba-d3fe-4c6a-846f-8dc748ebc345', '2000000008', '$2y$10$MdbT1ouox0b01cUspLHGseO6s60CN6sYvHGQl2j.hoyDoDawHKegq', '2018-02-21 15:39:49', '2018-02-21 15:39:49', 0, NULL, 0, NULL, 0, '{"family_name":"user2", "email":"user2@ex.com"}', 'testLocal8', 'testLocal8'),
  ('23e9104b-2761-4a8d-b624-b5c0472c4ef8', '2000000008', '$2y$10$KOw.QgPGGcmDZ3vBBRbNTe3/F5xHPAadfhvg4hsrG/tN8CrJTeWES', '2018-02-21 15:39:49', '2018-02-21 15:39:49', 1, NULL, 0, NULL, 0, '{"family_name":"user3", "email":"user3@ex.com"}', 'testLocal8', 'testLocal8'),
  ('d5bbcd12-4594-4250-9237-8a29021cfa00', '2000000008', '$2y$10$bgsdeIMU6zvefbo9PAdhzOxu.EZW0X9i7TGidJf8P2JJQ3YKkpDHK', '2018-02-21 15:39:49', '2018-02-21 15:39:49', 0, NULL, 0, NULL, 0, '{"family_name":"user4", "email":"user4@ex.com"}', 'testLocal8', 'testLocal8'),
  ('542efc29-0283-4ccd-a6ef-301cf913b751', '2000000008', '$2y$10$MpWZ02kHzd93vblFBFT.Tu74d1tAj3MSpZIrkfZAu5/MWxDimnT/y', '2018-02-21 15:39:49', '2018-02-21 15:39:49', 0, NULL, 0, NOW(), 0, '{"family_name":"user5", "email":"user5@ex.com"}', 'testLocal8', 'testLocal8'),
  ('c71cc817-9547-47b3-b27a-569270ddcb1f', '2000000008', '$2y$10$nCF6AsdPzvyocP2ynoCgUeXlmlpx2ldc1VfNiFSFy1/UGR8btnYCi', '2018-02-21 15:39:49', '2018-02-21 15:39:49', 1, NULL, 0, NOW(), 0, '{"family_name":"user6", "email":"user6@ex.com"}', 'testLocal8', 'testLocal8'),
  ('f24e0239-73d7-4374-a56c-6dea85246ab3', '2000000008', '$2y$10$QE7XRFHgfb.OItUMz15yg./OqC1mHxh4NAz9nsy9nvX97e.0eM19O', '2018-02-21 15:39:49', '2018-02-21 15:39:49', 0, NULL, 0, NOW(), 0, '{"family_name":"user7", "email":"user7@ex.com"}', 'testLocal8', 'testLocal8'),
  ('dcdde6b0-c4e8-4845-b345-38810b9b7e15', '2000000008', '$2y$10$LYVZ69PzYq4PzyRu4HDa2O5QFFhaUXYnGfF494d3mZ1m5DKtxT7qy', '2018-02-21 15:39:49', '2018-02-21 15:39:49', 0, NULL, 0, NOW(), 0, '{"family_name":"user8", "email":"user8@ex.com"}', 'testLocal8', 'testLocal8'),
  ('ac8f80af-ccca-4657-bad3-9030b29bcf1a', '2000000008', '$2y$10$LQXh7zSYaoPmTjboRYSHEOykYtluL1u4iuwjOqFf.AArvS4XAtBFG', '2018-02-21 15:39:49', '2018-02-21 15:39:49', 1, NULL, 0, NOW(), 0, '{"family_name":"user9", "email":"user9@ex.com"}', 'testLocal8', 'testLocal8'),
  ('57299ff1-02d4-430c-a026-67da7651b2e7', '2000000008', '$2y$10$J9J81Pxu2lmrRawGVKj73OOd.QREqBVb2w6sPPQrS1tx88.YDV3P6', '2018-02-21 15:39:49', '2018-02-21 15:39:49', 0, NULL, 0, NOW(), 0, '{"family_name":"user10", "email":"user10@ex.com"}', 'testLocal8', 'testLocal8'),

  -- Sugar Demo Users of tenant 2000000008
  ('1_tid8', '2000000008', '$2y$10$Bnz3li0mdIBAumTKiVDNgOXnufzhyFBrqW5ORffAWMHjv/wAvx8u.', '2018-02-21 15:39:49', '2018-02-21 15:39:49', 0, NULL, 0, NULL, 1, NULL, 'testLocal8', 'testLocal8'),
  ('seed_chris_id_tid8', '2000000008', '$2y$10$ajV.IV5tI95nLuJzcXVlkurniqmjj8YW3SbLiTZADdxXWrsAuWTRS', '2018-02-21 15:39:49', '2018-02-21 15:39:49', 0, NULL, 0, NULL, 0, '{"given_name":"Chris","family_name":"Chris_family_long_family_name_longer_then_30_charts","nickname":"max","email":"chris@example.lh","phone_number":"+1234567890","address":{"street_address":"teststreet","locality":"testlocality","region":"testregion","postal_code":"123456","country":"testcountry"}}', 'testLocal8', 'testLocal8'),
  ('seed_jim_id_tid8', '2000000008', '$2y$10$5lm0SW1y/JX8ByL36FVHn.n4LpCqTJ.xrCTX5mVPmGJd5oIFSHbMy', '2018-02-21 15:39:49', '2018-02-21 15:39:49', 0, NULL, 0, NULL, 0, '{"given_name":"jim","family_name":"jim_family","nickname":"max","email":"jim@example.lh","phone_number":"+1234567890","address":{"street_address":"teststreet","locality":"testlocality","region":"testregion","postal_code":"123456","country":"testcountry"}}', 'testLocal8', 'testLocal8'),
  ('seed_sarah_id_tid8', '2000000008', '$2y$10$LYddohgfeJsJ0iRYdz8GoetfBbHn5RKGn/40IMbrhKHaYFI3GLFU6', '2018-02-21 15:39:49', '2018-02-21 15:39:49', 0, NULL, 0, NOW(), 0, '{"given_name":"sarah","family_name":"sarah_family","nickname":"max","email":"sarah@example.lh","phone_number":"+1234567890","address":{"street_address":"teststreet","locality":"testlocality","region":"testregion","postal_code":"123456","country":"testcountry"}}', 'testLocal8', 'testLocal8'),
  ('seed_will_id_tid8', '2000000008', '$2y$10$HbfPgZL.5F9YaYYqsbTRY.bHGC4P/ZJE3U.b9p9J0l9Prq4//Wkay', '2018-02-21 15:39:49', '2018-02-21 15:39:49', 0, NULL, 0, NOW(), 0, '{"given_name":"will","family_name":"will_family","nickname":"max","email":"will@example.lh","phone_number":"+1234567890","address":{"street_address":"teststreet","locality":"testlocality","region":"testregion","postal_code":"123456","country":"testcountry"}}', 'testLocal8', 'testLocal8'),
  ('seed_max_id_tid8', '2000000008', '$2y$10$mSJJchpYAPrwkbxajsKkVeduAf6McA2F6yYvihAeL2zOH0JUAKVp.', '2018-02-21 15:39:49', '2018-02-21 15:39:49', 0, NULL, 0, NOW(), 0, '{"given_name":"Max","family_name":"Jensen","nickname":"max","email":"max.jensen@example.lh","phone_number":"+1234567890","address":{"street_address":"teststreet","locality":"testlocality","region":"testregion","postal_code":"123456","country":"testcountry"}}', 'testLocal8', 'testLocal8'),
  ('seed_sally_id_tid8', '2000000008', '$2y$10$MGuNRENyJH7FI2WtW1/HgeVc9bV.W71rI4LKpliUvj.WxRVDMvxtK', '2018-02-21 15:39:49', '2018-02-21 15:39:49', 0, NULL, 0, NOW(), 0, '{"given_name":"sally","family_name":"sally_family","nickname":"max","email":"sally@example.lh","phone_number":"+1234567890","address":{"street_address":"teststreet","locality":"testlocality","region":"testregion","postal_code":"123456","country":"testcountry"}}', 'testLocal8', 'testLocal8'),

  -- LDAP Users already provisioned for tenant 2000000008
  ('690d838b-0d8d-4e48-953c-bf4679d629ff', '2000000008', NULL, '2018-02-21 15:39:49', '2018-02-21 15:39:49', 0, NULL, 0, NULL, 0, '{"family_name":"abey", "email":"abey@ex.com"}', 'testLocal8', 'testLocal8')
;

INSERT INTO `user_providers` (`tenant_id`, `user_id`, `provider_code`, `identity_value`) VALUES
  ('2000000001', '6f1f6421-6a77-409d-8a59-76308ee399df', 'local', 'user1'),
  ('2000000001', '6b0d13f2-aeb4-4a7e-ba38-a0cf44640499', 'local', 'user2'),
  ('2000000001', 'bbea1845-d6a1-477b-bffe-370174f01710', 'local', 'user3'),
  ('2000000001', 'e842d2e5-cc5f-4876-93fb-a478ba451afe', 'local', 'user4'),
  ('2000000001', '3b678759-d906-4bab-9d2e-78d4a4fdc025', 'local', 'user5'),
  ('2000000001', '1aa16947-9d38-4b4e-8204-331e421fb432', 'local', 'user6'),
  ('2000000001', '14acb450-5292-42e4-9c41-dd864cce01ac', 'local', 'user7'),
  ('2000000001', '5f4e765c-60cc-4a28-b8bb-7f620258c875', 'local', 'user8'),
  ('2000000001', 'aff20d60-c4b7-45d3-abae-008f5e46cb0a', 'local', 'user9'),
  ('2000000001', '6efcf62d-35af-419a-8c2f-bb2b494de003', 'local', 'user10'),

  -- Sugar Demo Users
  ('2000000001', '1', 'local', 'admin'),
  ('2000000001', 'seed_chris_id', 'local', 'chris'),
  ('2000000001', 'seed_jim_id', 'local', 'jim'),
  ('2000000001', 'seed_sarah_id', 'local', 'sarah'),
  ('2000000001', 'seed_will_id', 'local', 'will'),
  ('2000000001', 'seed_max_id', 'local', 'max'),
  ('2000000001', 'seed_sally_id', 'local', 'sally'),
  ('2000000006', 'seed_sally_id', 'local', 'sally'),
  ('2000000004', 'seed_sally_id', 'local', 'sally'),

  -- LDAP Users already provisioned
  ('2000000001', '8cefa54e-4567-4073-bc1e-c97e4d6eba9e', 'ldap', 'abey'),

  -- SAML Users already provisioned
  ('2000000001', '7cda92e4-c29c-46bd-a065-e665e9b72fdc', 'saml', 'user7@provisioned.example.com'),
  ('2000000004', '89ad1907-97eb-4057-8ca0-3c9f1164eb3b', 'saml', 'user8@provisioned.inactived.example.com'),

  -- Users of tenant 2000000008
  ('2000000008', '418da48b-d8a7-4548-9ef2-d43095b57ff7', 'local', 'user1'),
  ('2000000008', '317146ba-d3fe-4c6a-846f-8dc748ebc345', 'local', 'user2'),
  ('2000000008', '23e9104b-2761-4a8d-b624-b5c0472c4ef8', 'local', 'user3'),
  ('2000000008', 'd5bbcd12-4594-4250-9237-8a29021cfa00', 'local', 'user4'),
  ('2000000008', '542efc29-0283-4ccd-a6ef-301cf913b751', 'local', 'user5'),
  ('2000000008', 'c71cc817-9547-47b3-b27a-569270ddcb1f', 'local', 'user6'),
  ('2000000008', 'f24e0239-73d7-4374-a56c-6dea85246ab3', 'local', 'user7'),
  ('2000000008', 'dcdde6b0-c4e8-4845-b345-38810b9b7e15', 'local', 'user8'),
  ('2000000008', 'ac8f80af-ccca-4657-bad3-9030b29bcf1a', 'local', 'user9'),
  ('2000000008', '57299ff1-02d4-430c-a026-67da7651b2e7', 'local', 'user10'),

  -- Sugar Demo Users of tenant 2000000008
  ('2000000008', '1_tid8', 'local', 'admin'),
  ('2000000008', 'seed_chris_id_tid8', 'local', 'chris'),
  ('2000000008', 'seed_jim_id_tid8', 'local', 'jim'),
  ('2000000008', 'seed_sarah_id_tid8', 'local', 'sarah'),
  ('2000000008', 'seed_will_id_tid8', 'local', 'will'),
  ('2000000008', 'seed_max_id_tid8', 'local', 'max'),
  ('2000000008', 'seed_sally_id_tid8', 'local', 'sally'),

  -- LDAP Users already provisioned for tenant 2000000008
  ('2000000008', '690d838b-0d8d-4e48-953c-bf4679d629ff', 'ldap', 'abey')
;

INSERT INTO `consents` (`client_id`, `tenant_id`, `scopes`) VALUES
  ('testLocal1', '2000000001', '["hydra", "openid", "offline", "https://apis.sugarcrm.com/auth/crm", "profile", "email", "address", "phone"]'),
  ('srn:cloud:iam:eu:2000000001:app:crm:99711b76-bb31-11e8-8df0-985aeb8a5c2a', '2000000001', '["hydra", "openid", "offline", "https://apis.sugarcrm.com/auth/crm", "profile", "email", "address", "phone"]'),
  ('srn:cloud:iam:eu:2000000001:app:native:806bfb76-ee57-43ea-9022-aa91e6b6c617', '2000000001', '["hydra", "openid", "offline", "https://apis.sugarcrm.com/auth/crm", "profile", "email", "address", "phone"]'),
  ('srn:cloud:iam:eu:2000000001:app:crm:99711b76-bb31-11e8-8df0-985aeb8a5c2a', '2000000004', '["hydra", "openid", "offline", "https://apis.sugarcrm.com/auth/crm", "profile", "email", "address", "phone"]'),
  ('srn:cloud:iam:eu:2000000001:app:crm:99711b76-bb31-11e8-8df0-985aeb8a5c2a', '2000000005', '["hydra", "openid", "offline", "https://apis.sugarcrm.com/auth/crm", "profile", "email", "address", "phone"]'),
  ('testLocal8', '2000000008', '["hydra", "openid", "offline", "https://apis.sugarcrm.com/auth/crm", "profile", "email", "address", "phone"]'),
  ('srn:cloud:iam:eu:2000000008:app:crm:99711b76-bb31-11e8-8df0-985aeb8a5c2a', '2000000008', '["hydra", "openid", "offline", "https://apis.sugarcrm.com/auth/crm", "profile", "email", "address", "phone"]'),
  ('srn:cloud:iam:eu:2000000008:app:native:806bfb76-ee57-43ea-9022-aa91e6b6c617', '2000000008', '["hydra", "openid", "offline", "https://apis.sugarcrm.com/auth/crm", "profile", "email", "address", "phone"]')
;

INSERT INTO `one_time_token` (`token`, `tenant_id`, `user_id`, `expire_time`) VALUES
  ('validToken', '2000000001', 'seed_sarah_id', NOW() + INTERVAL 1 DAY ),
  ('validToken', '2000000008', 'seed_sarah_id_tid8', NOW() + INTERVAL 1 DAY )
;
